species,contrast,PERMANOVA.R2,Adonis.P.value,Beta.disp.F.stat,ANOVA.P.value
Mcap,global,0.957140873550975,0.007,NA,NA
Mcap,WGBS vs. RRBS,0.943347944636305,0.1,NA,NA
Mcap,WGBS vs. MBDBS,0.787996494810175,0.1,NA,NA
Mcap,RRBS vs. MBDBS,0.978573533114144,0.1,NA,NA
Pact,global,0.672372776342368,0.003,13.3557951714387,0.00617090378135121
Pact,WGBS vs. RRBS,0.939835861236014,0.1,1.40356722621197,0.301708436299585
Pact,WGBS vs. MBDBS,0.643221658929736,0.1,12.6853159035048,0.0235512860259163
Pact,RRBS vs. MBDBS,0.511845210960395,0.1,14.3958678891725,0.0191994663654667
